budget_multiplier,budget_cap,coverage_pct,sla_achievement_rate,total_cost,total_capex,total_opex,objective_value,solve_time_seconds
0.7,294000.0,0.8683,0.75,1611640.0,1079600.0,532040.0,11553594.0285,0.579885
0.85,357000.0,0.884,0.7833,1619100.0,1079600.0,539500.0,10148435.5035,1.863876
1.0,420000.0,0.8972,0.85,1638040.0,1079600.0,558440.0,9245292.1535,0.227305
1.15,482999.99999999994,0.8991,0.85,1639400.0,1079600.0,559800.0,9008948.9935,0.504248
1.3,546000.0,0.8991,0.85,1639400.0,1079600.0,559800.0,9008948.9935,0.205259
